{"cameraMode":{"drawMode":0,"name":"Shaded","section":"Shading Mode"},"sceneLighting":true,"audioPlay":false,"sceneViewState":{"m_AlwaysRefresh":false,"showFog":true,"showSkybox":false,"showFlares":true,"showImageEffects":true,"showParticleSystems":true,"showVisualEffectGraphs":true,"m_FxEnabled":true},"in2DMode":false,"pivot":{"x":1.2223886251449586,"y":-0.6175260543823242,"z":-3.0160164833068849},"rotation":{"x":0.17575649917125703,"y":0.05933550000190735,"z":0.018022647127509118,"w":0.9838832020759583},"size":12.466148376464844,"orthographic":false}